type,time,latitude,longitude,altitude,speed,pace,course,slope,distance,distance_interval,hr,cadence,temperature,name,desc
T,2013-09-28 18:15:14,43.475419000,-80.451973000,286.8,,,,,0.000,,109,0,28,"28/09/2013 Waterloo, ON, Canada: From TDH",
T,2013-09-28 18:15:17,43.475314000,-80.452062000,286.8,16.5,3.65,211.6,0.0,0.014,13.71,109,69,28,,
T,2013-09-28 18:15:18,43.475266000,-80.452065000,286.8,19.2,3.12,182.6,0.0,0.019,5.34,112,74,28,,
T,2013-09-28 18:15:20,43.475170000,-80.452052000,286.8,19.3,3.11,174.4,0.0,0.030,10.72,116,81,28,,
T,2013-09-28 18:15:22,43.475076000,-80.452021000,286.8,19.3,3.10,166.5,0.0,0.041,10.74,120,93,28,,
T,2013-09-28 18:15:24,43.474973000,-80.451984000,286.8,21.3,2.82,165.4,0.0,0.052,11.83,124,96,28,,
T,2013-09-28 18:15:27,43.474814000,-80.451930000,287.4,21.8,2.75,166.2,3.3,0.071,18.20,126,97,28,,
T,2013-09-28 18:15:32,43.474544000,-80.451826000,287.4,22.4,2.67,164.4,0.0,0.102,31.16,127,94,28,,
T,2013-09-28 18:15:37,43.474307000,-80.451736000,287.4,19.7,3.05,164.6,0.0,0.129,27.32,130,90,28,,
T,2013-09-28 18:15:40,43.474175000,-80.451684000,287.4,18.3,3.28,164.0,0.0,0.144,15.26,131,92,28,,
T,2013-09-28 18:15:43,43.474053000,-80.451636000,287.4,16.9,3.55,164.1,0.0,0.158,14.10,134,89,28,,
T,2013-09-28 18:15:46,43.473949000,-80.451590000,287.8,14.6,4.12,162.2,3.3,0.171,12.14,137,70,28,,
T,2013-09-28 18:15:47,43.473919000,-80.451580000,288.2,12.3,4.86,166.4,11.7,0.174,3.43,138,65,28,,
T,2013-09-28 18:15:48,43.473888000,-80.451573000,288.6,12.6,4.77,170.7,11.5,0.177,3.49,139,60,28,,
T,2013-09-28 18:15:49,43.473855000,-80.451565000,289.0,13.4,4.48,170.0,10.7,0.181,3.72,140,57,28,,
T,2013-09-28 18:15:50,43.473822000,-80.451560000,289.4,13.3,4.52,173.7,10.8,0.185,3.69,141,59,28,,
T,2013-09-28 18:15:52,43.473758000,-80.451554000,289.4,12.8,4.68,176.1,0.0,0.192,7.13,144,58,28,,
T,2013-09-28 18:15:55,43.473663000,-80.451557000,289.8,12.7,4.74,181.3,3.8,0.203,10.56,147,57,28,,
T,2013-09-28 18:15:56,43.473632000,-80.451561000,290.4,12.5,4.82,185.3,17.3,0.206,3.46,147,57,28,,
T,2013-09-28 18:15:57,43.473599000,-80.451569000,290.8,13.4,4.48,190.0,10.7,0.210,3.72,148,56,28,,
T,2013-09-28 18:15:58,43.473567000,-80.451579000,291.2,13.1,4.57,192.8,11.0,0.213,3.65,148,55,28,,
T,2013-09-28 18:15:59,43.473536000,-80.451591000,291.8,12.9,4.66,195.7,16.8,0.217,3.58,148,55,28,,
T,2013-09-28 18:16:02,43.473444000,-80.451633000,292.2,12.9,4.64,198.3,3.7,0.228,10.77,149,58,28,,
T,2013-09-28 18:16:03,43.473414000,-80.451649000,292.6,12.9,4.66,201.2,11.2,0.231,3.58,151,58,28,,
T,2013-09-28 18:16:04,43.473386000,-80.451666000,293.0,12.2,4.90,203.8,11.8,0.235,3.40,151,58,28,,
T,2013-09-28 18:16:05,43.473357000,-80.451684000,293.4,12.7,4.71,204.2,11.3,0.238,3.54,151,56,28,,
T,2013-09-28 18:16:06,43.473329000,-80.451704000,293.8,12.6,4.75,207.4,11.4,0.242,3.51,152,56,27,,
T,2013-09-28 18:16:09,43.473239000,-80.451766000,294.2,13.4,4.47,206.6,3.6,0.253,11.19,155,60,27,,
T,2013-09-28 18:16:10,43.473208000,-80.451787000,294.6,13.8,4.34,206.2,10.4,0.257,3.84,156,59,27,,
T,2013-09-28 18:16:11,43.473179000,-80.451810000,295.0,13.4,4.48,209.9,10.8,0.260,3.72,157,60,27,,
T,2013-09-28 18:16:12,43.473150000,-80.451833000,295.4,13.4,4.48,209.9,10.8,0.264,3.72,157,59,27,,
T,2013-09-28 18:16:13,43.473120000,-80.451857000,295.8,13.9,4.32,210.1,10.4,0.268,3.86,158,60,27,,
T,2013-09-28 18:16:15,43.473061000,-80.451906000,296.2,13.8,4.35,211.1,5.2,0.276,7.66,159,61,27,,
T,2013-09-28 18:16:16,43.473031000,-80.451933000,296.6,14.3,4.18,213.2,10.0,0.280,3.99,160,63,27,,
T,2013-09-28 18:16:17,43.473002000,-80.451960000,297.0,14.0,4.28,214.0,10.3,0.284,3.89,160,64,27,,
T,2013-09-28 18:16:18,43.472975000,-80.451986000,297.4,13.2,4.55,214.9,10.9,0.287,3.66,161,67,27,,
T,2013-09-28 18:16:19,43.472946000,-80.452010000,297.8,13.5,4.43,211.0,10.6,0.291,3.76,161,75,27,,
T,2013-09-28 18:16:22,43.472852000,-80.452093000,297.8,14.9,4.03,212.7,0.0,0.303,12.42,162,76,27,,
T,2013-09-28 18:16:23,43.472820000,-80.452122000,298.4,15.3,3.91,213.3,14.1,0.308,4.26,162,76,27,,
T,2013-09-28 18:16:24,43.472784000,-80.452158000,298.8,17.8,3.37,216.0,8.1,0.313,4.95,162,78,27,,
T,2013-09-28 18:16:25,43.472748000,-80.452190000,299.2,17.2,3.50,212.8,8.4,0.317,4.76,163,82,27,,
T,2013-09-28 18:16:26,43.472711000,-80.452220000,299.8,17.2,3.49,210.5,12.6,0.322,4.77,163,85,27,,
T,2013-09-28 18:16:27,43.472673000,-80.452247000,300.2,17.1,3.51,207.3,8.4,0.327,4.75,163,84,27,,
T,2013-09-28 18:16:29,43.472595000,-80.452296000,300.8,17.2,3.50,204.5,6.3,0.336,9.53,163,85,27,,
T,2013-09-28 18:16:30,43.472555000,-80.452317000,301.2,17.1,3.50,200.9,8.4,0.341,4.76,163,83,27,,
T,2013-09-28 18:16:31,43.472518000,-80.452332000,301.6,15.4,3.89,196.4,9.3,0.345,4.29,164,73,27,,
T,2013-09-28 18:16:32,43.472481000,-80.452345000,302.2,15.3,3.93,194.3,14.1,0.350,4.24,164,70,27,,
T,2013-09-28 18:16:33,43.472445000,-80.452354000,302.6,14.6,4.10,190.3,9.8,0.354,4.07,164,70,27,,
T,2013-09-28 18:16:35,43.472364000,-80.452373000,302.6,16.4,3.65,189.7,0.0,0.363,9.13,164,53,27,,
T,2013-09-28 18:16:36,43.472325000,-80.452378000,302.6,15.7,3.83,185.3,0.0,0.367,4.35,164,68,27,,
T,2013-09-28 18:16:37,43.472286000,-80.452378000,303.0,15.6,3.85,180.0,9.2,0.372,4.33,165,70,27,,
T,2013-09-28 18:16:38,43.472245000,-80.452376000,303.4,16.4,3.66,178.0,8.8,0.376,4.56,165,71,27,,
T,2013-09-28 18:16:39,43.472205000,-80.452373000,303.8,16.0,3.74,176.9,9.0,0.381,4.45,165,72,27,,
T,2013-09-28 18:16:40,43.472162000,-80.452368000,304.2,17.3,3.48,175.2,8.3,0.385,4.79,165,76,27,,
T,2013-09-28 18:16:41,43.472119000,-80.452362000,304.8,17.3,3.47,174.2,12.5,0.390,4.80,165,78,27,,
T,2013-09-28 18:16:43,43.472032000,-80.452342000,304.8,17.6,3.40,170.5,0.0,0.400,9.80,166,77,27,,
T,2013-09-28 18:16:52,43.471674000,-80.452111000,305.2,17.6,3.41,154.9,0.9,0.444,43.95,165,72,27,,
T,2013-09-28 18:16:53,43.471642000,-80.452080000,305.6,15.7,3.83,144.9,9.2,0.448,4.35,164,18,27,,
T,2013-09-28 18:16:54,43.471610000,-80.452046000,306.0,16.2,3.71,142.4,8.9,0.453,4.50,164,0,27,,
T,2013-09-28 18:16:55,43.471581000,-80.452010000,306.4,15.6,3.84,138.0,9.2,0.457,4.34,164,0,27,,
T,2013-09-28 18:16:56,43.471549000,-80.451975000,307.0,16.4,3.67,141.6,13.2,0.462,4.55,164,0,27,,
T,2013-09-28 18:16:59,43.471430000,-80.451869000,307.0,18.9,3.17,147.1,0.0,0.477,15.76,163,69,27,,
T,2013-09-28 18:17:03,43.471290000,-80.451780000,307.0,15.4,3.89,155.2,0.0,0.495,17.14,160,0,27,,
T,2013-09-28 18:17:04,43.471258000,-80.451762000,307.0,13.8,4.34,157.8,0.0,0.498,3.84,160,0,27,,
T,2013-09-28 18:17:06,43.471187000,-80.451742000,307.0,14.5,4.14,168.4,0.0,0.507,8.05,159,62,27,,
T,2013-09-28 18:17:08,43.471129000,-80.451751000,307.0,11.7,5.14,186.4,0.0,0.513,6.48,157,31,27,,
T,2013-09-28 18:17:12,43.471074000,-80.451781000,307.0,5.9,10.14,201.6,0.0,0.520,6.58,154,41,28,,
T,2013-09-28 18:17:13,43.471058000,-80.451790000,307.0,6.9,8.68,202.2,0.0,0.521,1.92,153,55,28,,
T,2013-09-28 18:17:15,43.471028000,-80.451849000,307.0,10.5,5.73,235.0,0.0,0.527,5.82,152,48,28,,
T,2013-09-28 18:17:16,43.471021000,-80.451900000,307.0,15.1,3.97,259.3,0.0,0.532,4.20,151,60,28,,
T,2013-09-28 18:17:20,43.471002000,-80.452176000,307.0,20.2,2.97,264.6,0.0,0.554,22.43,148,83,28,,
T,2013-09-28 18:17:29,43.470996000,-80.452912000,307.0,23.8,2.52,269.4,0.0,0.613,59.56,148,92,28,,
T,2013-09-28 18:17:36,43.470889000,-80.453523000,307.0,26.2,2.29,256.4,0.0,0.664,50.85,148,96,28,,
T,2013-09-28 18:17:44,43.470696000,-80.454287000,307.0,29.4,2.04,250.8,0.0,0.730,65.43,147,83,28,,
T,2013-09-28 18:17:45,43.470671000,-80.454382000,307.0,29.4,2.04,250.1,0.0,0.738,8.17,146,95,28,,
T,2013-09-28 18:17:50,43.470538000,-80.454860000,307.0,29.8,2.01,249.0,0.0,0.779,41.40,143,97,28,,
T,2013-09-28 18:17:55,43.470388000,-80.455325000,307.0,29.6,2.03,246.0,0.0,0.821,41.15,141,96,28,,
T,2013-09-28 18:18:03,43.470152000,-80.456052000,307.0,29.0,2.07,245.9,0.0,0.885,64.41,142,95,28,,
T,2013-09-28 18:18:11,43.469909000,-80.456777000,307.0,29.1,2.06,245.2,0.0,0.949,64.58,142,96,28,,
T,2013-09-28 18:18:12,43.469878000,-80.456867000,307.0,29.0,2.07,244.6,0.0,0.958,8.06,142,95,28,,
T,2013-09-28 18:18:20,43.469645000,-80.457556000,307.0,27.7,2.17,245.0,0.0,1.019,61.47,144,93,28,,
T,2013-09-28 18:18:22,43.469590000,-80.457718000,307.0,26.0,2.30,244.9,0.0,1.033,14.46,146,92,28,,
T,2013-09-28 18:18:26,43.469482000,-80.458048000,307.0,26.3,2.28,245.7,0.0,1.063,29.27,149,96,28,,
T,2013-09-28 18:18:29,43.469404000,-80.458287000,307.4,25.4,2.36,245.8,1.9,1.084,21.19,150,97,27,,
T,2013-09-28 18:18:30,43.469375000,-80.458367000,307.8,26.0,2.30,243.5,5.5,1.091,7.23,150,97,27,,
T,2013-09-28 18:18:31,43.469346000,-80.458444000,308.2,25.3,2.38,242.6,5.7,1.098,7.01,151,97,28,,
T,2013-09-28 18:18:32,43.469316000,-80.458526000,308.6,26.7,2.24,243.2,5.4,1.106,7.43,151,97,28,,
T,2013-09-28 18:18:33,43.469290000,-80.458607000,309.2,25.8,2.33,246.1,8.4,1.113,7.16,151,97,28,,
T,2013-09-28 18:18:35,43.469235000,-80.458775000,309.2,26.8,2.24,245.7,0.0,1.128,14.90,152,96,28,,
T,2013-09-28 18:18:37,43.469182000,-80.458938000,309.6,26.0,2.31,245.9,2.8,1.142,14.44,152,96,28,,
T,2013-09-28 18:18:38,43.469156000,-80.459021000,310.0,26.3,2.28,246.7,5.5,1.149,7.31,153,96,28,,
T,2013-09-28 18:18:39,43.469130000,-80.459102000,310.4,25.8,2.33,246.1,5.6,1.157,7.16,153,96,28,,
T,2013-09-28 18:18:40,43.469103000,-80.459181000,310.8,25.4,2.36,244.8,5.7,1.164,7.06,153,95,28,,
T,2013-09-28 18:18:41,43.469077000,-80.459258000,311.2,24.7,2.43,245.0,5.8,1.171,6.87,153,94,28,,
T,2013-09-28 18:18:48,43.468898000,-80.459805000,311.2,25.0,2.40,245.7,0.0,1.219,48.52,155,95,28,,
T,2013-09-28 18:18:52,43.468797000,-80.460116000,311.6,24.8,2.42,245.9,1.5,1.247,27.55,156,94,28,,
T,2013-09-28 18:18:53,43.468771000,-80.460195000,312.2,25.3,2.38,245.6,8.6,1.254,7.01,157,93,28,,
T,2013-09-28 18:18:54,43.468745000,-80.460274000,312.6,25.3,2.38,245.6,5.7,1.261,7.01,157,93,28,,
T,2013-09-28 18:18:55,43.468718000,-80.460352000,313.0,25.2,2.38,244.5,5.7,1.268,6.99,157,93,28,,
T,2013-09-28 18:18:56,43.468692000,-80.460429000,313.4,24.7,2.43,245.0,5.8,1.274,6.87,158,92,28,,
T,2013-09-28 18:19:00,43.468591000,-80.460729000,313.8,24.1,2.49,245.1,1.5,1.301,26.74,157,91,28,,
T,2013-09-28 18:19:01,43.468566000,-80.460805000,314.2,24.3,2.47,245.6,5.9,1.308,6.75,158,91,28,,
T,2013-09-28 18:19:02,43.468540000,-80.460881000,314.6,24.5,2.45,244.8,5.9,1.315,6.79,158,92,28,,
T,2013-09-28 18:19:03,43.468516000,-80.460958000,315.2,24.4,2.46,246.8,8.9,1.322,6.78,158,91,28,,
T,2013-09-28 18:19:04,43.468490000,-80.461033000,315.6,24.2,2.48,244.5,6.0,1.328,6.72,158,91,28,,
T,2013-09-28 18:19:13,43.468258000,-80.461728000,315.6,24.7,2.42,245.3,0.0,1.390,61.86,159,94,28,,
T,2013-09-28 18:19:18,43.468121000,-80.462142000,315.6,26.5,2.26,245.5,0.0,1.427,36.80,160,90,28,,
T,2013-09-28 18:19:25,43.467897000,-80.462812000,315.6,30.7,1.96,245.3,0.0,1.487,59.66,157,84,28,,
T,2013-09-28 18:19:26,43.467862000,-80.462915000,315.6,33.1,1.81,244.9,0.0,1.496,9.20,156,75,28,,
T,2013-09-28 18:19:33,43.467612000,-80.463667000,315.6,34.4,1.74,245.4,0.0,1.563,66.89,154,95,28,,
T,2013-09-28 18:19:37,43.467441000,-80.464085000,315.6,34.9,1.72,240.6,0.0,1.601,38.79,153,92,28,,
T,2013-09-28 18:19:41,43.467181000,-80.464283000,315.6,29.7,2.02,208.9,0.0,1.635,33.03,150,104,28,,
T,2013-09-28 18:19:44,43.466955000,-80.464277000,315.6,30.1,1.99,178.9,0.0,1.660,25.11,149,97,28,,
T,2013-09-28 18:19:46,43.466816000,-80.464231000,315.6,28.6,2.10,166.5,0.0,1.676,15.89,149,93,28,,
T,2013-09-28 18:19:50,43.466550000,-80.464167000,315.6,27.0,2.22,170.1,0.0,1.706,30.00,150,98,28,,
T,2013-09-28 18:19:53,43.466367000,-80.464246000,315.6,25.6,2.35,197.4,0.0,1.727,21.31,152,94,28,,
T,2013-09-28 18:19:56,43.466252000,-80.464446000,315.6,24.7,2.42,231.6,0.0,1.747,20.62,154,95,28,,
T,2013-09-28 18:19:58,43.466202000,-80.464614000,315.6,26.4,2.27,247.7,0.0,1.762,14.69,154,95,28,,
T,2013-09-28 18:20:03,43.466072000,-80.465025000,315.6,26.1,2.30,246.5,0.0,1.798,36.26,157,96,28,,
T,2013-09-28 18:20:11,43.465861000,-80.465694000,315.6,26.5,2.26,246.5,0.0,1.857,58.99,157,66,28,,
T,2013-09-28 18:20:15,43.465774000,-80.466026000,315.6,25.7,2.33,250.1,0.0,1.886,28.55,155,94,28,,
T,2013-09-28 18:20:17,43.465791000,-80.466202000,315.6,25.9,2.32,277.6,0.0,1.900,14.37,155,98,28,,
T,2013-09-28 18:20:20,43.465931000,-80.466410000,315.6,27.5,2.18,312.8,0.0,1.923,22.92,155,91,28,,
T,2013-09-28 18:20:26,43.466284000,-80.466785000,315.6,29.8,2.02,322.4,0.0,1.973,49.59,152,0,28,,
T,2013-09-28 18:20:27,43.466338000,-80.466848000,315.6,28.3,2.12,319.7,0.0,1.981,7.87,152,0,28,,
T,2013-09-28 18:20:30,43.466481000,-80.467008000,315.6,24.6,2.44,320.9,0.0,2.001,20.50,149,0,28,,
T,2013-09-28 18:20:31,43.466514000,-80.467045000,315.6,17.0,3.52,320.9,0.0,2.006,4.73,148,0,28,,
T,2013-09-28 18:20:34,43.466569000,-80.467109000,315.6,9.6,6.24,319.8,0.0,2.014,8.01,146,0,28,,
T,2013-09-28 18:20:35,43.466573000,-80.467115000,315.6,2.4,25.32,312.6,0.0,2.015,0.66,145,0,28,,
T,2013-09-28 18:20:36,43.466577000,-80.467117000,315.6,1.7,35.24,340.1,0.0,2.015,0.47,145,0,28,,
T,2013-09-28 18:20:40,43.466610000,-80.467152000,315.6,4.2,14.39,322.4,0.0,2.020,4.63,144,21,28,,
T,2013-09-28 18:20:42,43.466640000,-80.467177000,315.6,7.0,8.55,328.8,0.0,2.024,3.90,142,0,28,,
T,2013-09-28 18:20:46,43.466653000,-80.467211000,315.6,2.8,21.45,297.8,0.0,2.027,3.11,140,0,28,,
T,2013-09-28 18:20:48,43.466698000,-80.467260000,315.6,11.5,5.22,321.7,0.0,2.033,6.38,140,39,28,,
T,2013-09-28 18:20:49,43.466734000,-80.467303000,315.6,19.1,3.14,319.1,0.0,2.038,5.30,141,60,28,,
T,2013-09-28 18:20:52,43.466885000,-80.467466000,315.6,25.6,2.34,321.9,0.0,2.060,21.34,144,91,28,,
T,2013-09-28 18:20:53,43.466929000,-80.467543000,315.6,28.5,2.10,308.2,0.0,2.068,7.92,146,95,28,,
T,2013-09-28 18:20:54,43.466943000,-80.467647000,315.6,30.8,1.95,280.5,0.0,2.076,8.56,147,99,28,,
T,2013-09-28 18:20:55,43.466939000,-80.467749000,315.6,29.8,2.02,266.9,0.0,2.084,8.27,149,99,28,,
T,2013-09-28 18:20:58,43.466852000,-80.468038000,315.6,30.4,1.98,247.5,0.0,2.110,25.30,152,102,28,,
T,2013-09-28 18:21:02,43.466712000,-80.468423000,315.2,31.3,1.91,243.4,-1.1,2.145,34.82,153,105,28,,
T,2013-09-28 18:21:03,43.466676000,-80.468520000,314.8,31.7,1.89,242.9,-4.5,2.153,8.81,153,105,28,,
T,2013-09-28 18:21:04,43.466640000,-80.468619000,314.4,32.2,1.86,243.4,-4.5,2.162,8.95,153,106,28,,
T,2013-09-28 18:21:05,43.466604000,-80.468717000,313.8,32.0,1.88,243.2,-6.8,2.171,8.88,153,106,28,,
T,2013-09-28 18:21:06,43.466569000,-80.468814000,313.4,31.5,1.90,243.6,-4.6,2.180,8.76,154,107,28,,
T,2013-09-28 18:21:12,43.466357000,-80.469413000,313.4,32.3,1.86,244.0,0.0,2.234,53.89,153,99,28,,
T,2013-09-28 18:21:19,43.466101000,-80.470132000,313.4,33.3,1.80,243.9,0.0,2.299,64.76,154,101,28,,
T,2013-09-28 18:21:22,43.466013000,-80.470386000,313.4,27.3,2.20,244.5,0.0,2.321,22.76,156,50,28,,
T,2013-09-28 18:21:25,43.465982000,-80.470473000,313.4,9.4,6.38,243.9,0.0,2.329,7.84,157,0,28,,
T,2013-09-28 18:49:20,43.465999000,-80.470382000,318.0,0.0,3672.15,75.6,60.5,2.337,7.60,122,0,31,,
T,2013-09-28 18:49:21,43.466003000,-80.470389000,318.0,2.6,23.15,308.2,0.0,2.338,0.72,122,0,31,,
T,2013-09-28 18:49:23,43.466000000,-80.470399000,318.0,1.6,38.09,247.5,0.0,2.338,0.88,123,0,31,,
T,2013-09-28 18:49:28,43.465976000,-80.470476000,318.0,4.9,12.30,246.8,0.0,2.345,6.78,124,0,31,,
T,2013-09-28 18:49:29,43.465965000,-80.470503000,318.0,9.0,6.66,240.7,0.0,2.348,2.50,124,0,31,,
T,2013-09-28 18:49:34,43.465895000,-80.470723000,318.0,14.0,4.29,246.3,0.0,2.367,19.43,127,32,31,,
T,2013-09-28 18:49:37,43.465840000,-80.470881000,318.0,17.0,3.53,244.4,0.0,2.381,14.17,130,65,31,,
T,2013-09-28 18:49:41,43.465747000,-80.471132000,318.0,20.5,2.93,243.0,0.0,2.404,22.79,130,77,31,,
T,2013-09-28 18:49:49,43.465541000,-80.471705000,318.0,23.3,2.58,243.6,0.0,2.456,51.71,133,88,31,,
T,2013-09-28 18:49:50,43.465516000,-80.471777000,318.0,23.2,2.58,244.4,0.0,2.462,6.45,133,90,31,,
T,2013-09-28 18:49:53,43.465436000,-80.472011000,318.0,25.1,2.39,244.8,0.0,2.483,20.92,136,91,31,,
T,2013-09-28 18:49:57,43.465328000,-80.472326000,318.0,25.4,2.37,244.7,0.0,2.511,28.17,139,93,31,,
T,2013-09-28 18:50:03,43.465164000,-80.472821000,318.0,26.4,2.27,245.5,0.0,2.555,44.01,142,96,31,,
T,2013-09-28 18:50:11,43.464940000,-80.473445000,318.0,25.3,2.37,243.7,0.0,2.612,56.30,145,89,31,,
T,2013-09-28 18:50:15,43.464831000,-80.473739000,318.0,24.0,2.50,242.9,0.0,2.638,26.70,146,87,31,,
T,2013-09-28 18:50:21,43.464669000,-80.474182000,318.0,24.1,2.49,243.3,0.0,2.678,40.11,149,89,31,,
T,2013-09-28 18:50:23,43.464608000,-80.474325000,318.4,24.1,2.49,239.6,3.0,2.692,13.41,150,89,31,,
T,2013-09-28 18:50:24,43.464578000,-80.474398000,319.0,24.4,2.46,240.5,8.8,2.699,6.78,151,89,31,,
T,2013-09-28 18:50:25,43.464546000,-80.474473000,319.4,25.3,2.37,239.6,5.7,2.706,7.03,151,90,31,,
T,2013-09-28 18:50:26,43.464516000,-80.474550000,319.8,25.4,2.36,241.8,5.7,2.713,7.07,151,90,31,,
T,2013-09-28 18:50:27,43.464484000,-80.474626000,320.2,25.6,2.35,239.9,5.6,2.720,7.10,152,90,31,,
T,2013-09-28 18:50:28,43.464459000,-80.474695000,320.2,22.5,2.67,243.5,0.0,2.726,6.24,152,91,31,,
T,2013-09-28 18:50:37,43.464181000,-80.475398000,320.2,25.9,2.32,241.4,0.0,2.791,64.73,153,95,31,,
T,2013-09-28 18:50:40,43.464094000,-80.475625000,320.2,24.9,2.41,242.2,0.0,2.812,20.76,151,0,31,,
T,2013-09-28 18:50:43,43.464017000,-80.475837000,320.2,23.0,2.61,243.4,0.0,2.831,19.17,148,0,31,,
T,2013-09-28 18:50:46,43.463942000,-80.476041000,320.2,22.2,2.70,243.1,0.0,2.849,18.49,146,0,31,,
T,2013-09-28 18:50:49,43.463875000,-80.476241000,320.2,21.4,2.81,245.2,0.0,2.867,17.81,143,0,31,,
T,2013-09-28 18:50:53,43.463769000,-80.476517000,320.2,22.7,2.64,242.1,0.0,2.892,25.25,142,94,31,,
T,2013-09-28 18:50:57,43.463677000,-80.476779000,320.2,21.2,2.83,244.2,0.0,2.916,23.54,139,81,31,,
T,2013-09-28 18:51:00,43.463602000,-80.477006000,320.2,24.2,2.48,245.5,0.0,2.936,20.17,136,0,31,,
T,2013-09-28 18:51:02,43.463554000,-80.477154000,320.2,23.6,2.54,245.9,0.0,2.949,13.11,132,0,31,,
T,2013-09-28 18:51:03,43.463528000,-80.477226000,320.2,23.4,2.56,243.5,0.0,2.956,6.50,130,0,31,,
T,2013-09-28 18:51:05,43.463477000,-80.477371000,320.2,23.5,2.56,244.1,0.0,2.969,13.03,127,0,31,,
T,2013-09-28 18:51:07,43.463427000,-80.477507000,320.2,22.2,2.70,243.1,0.0,2.981,12.33,123,0,31,,
T,2013-09-28 18:51:08,43.463399000,-80.477577000,319.8,23.3,2.58,241.1,-6.2,2.987,6.46,123,0,31,,
T,2013-09-28 18:51:09,43.463373000,-80.477650000,319.4,23.7,2.53,243.9,-6.1,2.994,6.58,122,0,31,,
T,2013-09-28 18:51:10,43.463349000,-80.477726000,319.0,24.1,2.49,246.5,-6.0,3.001,6.70,121,0,31,,
T,2013-09-28 18:51:11,43.463327000,-80.477804000,318.6,24.4,2.46,248.8,-5.9,3.008,6.77,120,0,31,,
T,2013-09-28 18:51:12,43.463296000,-80.477875000,318.2,24.1,2.49,239.0,-6.0,3.014,6.70,119,0,31,,
T,2013-09-28 18:51:14,43.463232000,-80.478019000,318.2,24.6,2.44,238.5,0.0,3.028,13.65,117,0,31,,
T,2013-09-28 18:51:15,43.463204000,-80.478089000,318.2,23.3,2.58,241.1,0.0,3.034,6.46,113,0,31,,
T,2013-09-28 18:51:17,43.463156000,-80.478245000,318.2,24.7,2.43,247.0,0.0,3.048,13.70,110,0,31,,
T,2013-09-28 18:51:19,43.463096000,-80.478405000,318.2,26.2,2.29,242.7,0.0,3.063,14.56,106,0,31,,
T,2013-09-28 18:51:21,43.463041000,-80.478564000,318.2,25.6,2.34,244.5,0.0,3.077,14.24,102,0,31,,
T,2013-09-28 18:51:24,43.462954000,-80.478824000,317.8,27.8,2.16,245.2,-1.7,3.100,23.15,101,0,31,,
T,2013-09-28 18:51:25,43.462933000,-80.478901000,317.4,24.0,2.50,249.4,-6.0,3.107,6.65,100,0,31,,
T,2013-09-28 18:51:26,43.462904000,-80.478981000,316.8,26.0,2.30,243.5,-8.3,3.114,7.23,99,0,31,,
T,2013-09-28 18:51:27,43.462875000,-80.479069000,316.4,28.1,2.13,245.6,-5.1,3.122,7.82,98,0,31,,
T,2013-09-28 18:51:28,43.462846000,-80.479148000,316.0,25.8,2.33,243.2,-5.6,3.129,7.16,97,0,31,,
T,2013-09-28 18:51:34,43.462674000,-80.479650000,316.0,26.9,2.23,244.7,0.0,3.174,44.90,98,0,31,,
T,2013-09-28 18:51:36,43.462619000,-80.479804000,316.0,25.0,2.40,243.8,0.0,3.188,13.88,101,0,31,,
T,2013-09-28 18:51:38,43.462571000,-80.479944000,316.0,22.5,2.66,244.7,0.0,3.200,12.52,104,0,31,,
T,2013-09-28 18:51:39,43.462539000,-80.480009000,316.0,22.9,2.63,235.9,0.0,3.207,6.35,106,0,31,,
T,2013-09-28 18:51:40,43.462517000,-80.480073000,316.0,20.6,2.91,244.7,0.0,3.212,5.73,107,0,31,,
T,2013-09-28 18:51:45,43.462414000,-80.480396000,316.0,20.5,2.92,246.3,0.0,3.241,28.53,111,64,31,,
T,2013-09-28 18:51:47,43.462381000,-80.480528000,316.0,20.3,2.95,251.0,0.0,3.252,11.29,114,67,31,,
T,2013-09-28 18:51:49,43.462327000,-80.480670000,316.0,23.3,2.57,242.3,0.0,3.265,12.96,117,50,31,,
T,2013-09-28 18:51:54,43.462220000,-80.480941000,316.0,18.0,3.34,241.5,0.0,3.290,24.95,117,0,31,,
T,2013-09-28 18:51:58,43.462182000,-80.481080000,316.0,10.8,5.55,249.4,0.0,3.302,12.02,118,54,31,,
T,2013-09-28 18:52:00,43.462145000,-80.481186000,316.0,17.1,3.50,244.3,0.0,3.312,9.51,121,57,31,,
T,2013-09-28 18:52:02,43.462102000,-80.481301000,316.0,18.8,3.19,242.7,0.0,3.322,10.46,124,59,31,,
T,2013-09-28 18:52:04,43.462051000,-80.481425000,316.0,20.7,2.89,240.5,0.0,3.333,11.52,127,60,31,,
T,2013-09-28 18:52:06,43.461997000,-80.481556000,316.0,21.9,2.74,240.4,0.0,3.346,12.18,130,61,31,,
T,2013-09-28 18:52:07,43.461980000,-80.481625000,316.0,21.2,2.83,251.3,0.0,3.352,5.89,131,61,31,,
T,2013-09-28 18:52:10,43.461931000,-80.481828000,316.0,20.8,2.89,251.6,0.0,3.369,17.31,134,61,31,,
T,2013-09-28 18:52:12,43.461874000,-80.481963000,316.4,22.7,2.64,239.8,3.2,3.382,12.63,136,61,31,,
T,2013-09-28 18:52:13,43.461854000,-80.482015000,316.8,17.1,3.50,242.1,8.4,3.386,4.76,137,61,31,,
T,2013-09-28 18:52:14,43.461826000,-80.482078000,317.4,21.5,2.79,238.5,10.0,3.392,5.97,137,45,31,,
T,2013-09-28 18:52:15,43.461783000,-80.482116000,317.8,20.5,2.93,212.7,7.0,3.398,5.68,138,0,31,,
T,2013-09-28 18:52:16,43.461754000,-80.482160000,318.2,17.3,3.47,227.8,8.3,3.403,4.80,138,14,31,,
T,2013-09-28 18:52:25,43.461502000,-80.482566000,318.2,17.3,3.47,229.5,0.0,3.446,43.17,136,64,31,,
T,2013-09-28 18:52:29,43.461386000,-80.482737000,318.6,17.0,3.53,226.9,2.1,3.465,18.91,136,67,31,,
T,2013-09-28 18:52:30,43.461355000,-80.482793000,319.0,20.5,2.93,232.7,7.0,3.470,5.69,137,70,31,,
T,2013-09-28 18:52:31,43.461329000,-80.482835000,319.6,16.1,3.74,229.5,13.5,3.475,4.46,137,71,31,,
T,2013-09-28 18:52:32,43.461306000,-80.482886000,320.0,17.5,3.43,238.1,8.2,3.480,4.85,137,71,31,,
T,2013-09-28 18:52:33,43.461275000,-80.482939000,320.4,19.8,3.03,231.1,7.3,3.485,5.50,137,70,31,,
T,2013-09-28 18:52:34,43.461246000,-80.482983000,320.4,17.3,3.47,227.8,0.0,3.490,4.80,138,69,31,,
T,2013-09-28 18:52:39,43.461152000,-80.483149000,320.4,12.3,4.90,232.0,0.0,3.507,17.02,137,0,31,,
T,2013-09-28 18:52:42,43.461144000,-80.483166000,320.4,2.0,30.53,237.0,0.0,3.509,1.64,138,0,31,,
T,2013-09-28 18:52:43,43.461146000,-80.483166000,320.4,0.8,75.01,0.0,0.0,3.509,0.22,138,0,31,,
T,2013-09-28 18:53:32,43.461141000,-80.483172000,320.4,0.1,1106.88,221.1,0.0,3.510,0.74,119,22,31,,
T,2013-09-28 18:53:33,43.461138000,-80.483175000,320.4,1.5,40.42,216.0,0.0,3.510,0.41,119,42,31,,
T,2013-09-28 18:53:35,43.461104000,-80.483260000,320.4,14.1,4.25,241.1,0.0,3.518,7.85,121,64,31,,
T,2013-09-28 18:53:37,43.461047000,-80.483394000,320.4,22.6,2.65,239.6,0.0,3.531,12.56,125,74,31,,
T,2013-09-28 18:53:40,43.460951000,-80.483603000,320.4,24.0,2.50,237.7,0.0,3.551,20.00,129,82,31,,
T,2013-09-28 18:53:44,43.460834000,-80.483880000,320.4,23.3,2.57,239.8,0.0,3.576,25.91,132,90,31,,
T,2013-09-28 18:53:45,43.460817000,-80.483953000,320.4,22.3,2.69,252.2,0.0,3.583,6.20,133,92,31,,
T,2013-09-28 18:53:47,43.460766000,-80.484113000,320.4,25.4,2.36,246.3,0.0,3.597,14.13,135,94,31,,
T,2013-09-28 18:53:50,43.460687000,-80.484342000,320.4,24.6,2.44,244.6,0.0,3.617,20.51,138,95,31,,
T,2013-09-28 18:53:52,43.460634000,-80.484486000,320.8,23.5,2.55,243.1,3.1,3.630,13.06,141,94,31,,
T,2013-09-28 18:53:53,43.460616000,-80.484564000,321.2,23.8,2.52,252.4,6.0,3.637,6.62,141,94,31,,
T,2013-09-28 18:53:54,43.460592000,-80.484640000,321.6,24.1,2.49,246.5,6.0,3.644,6.70,143,94,31,,
T,2013-09-28 18:53:55,43.460570000,-80.484718000,322.0,24.4,2.46,248.8,5.9,3.650,6.77,144,93,31,,
T,2013-09-28 18:53:56,43.460545000,-80.484789000,322.4,23.0,2.61,244.1,6.3,3.657,6.38,145,93,31,,
T,2013-09-28 18:54:01,43.460417000,-80.485147000,322.4,23.2,2.58,243.8,0.0,3.689,32.27,147,95,31,,
T,2013-09-28 18:54:08,43.460240000,-80.485665000,322.4,23.8,2.52,244.8,0.0,3.735,46.30,150,94,31,,
T,2013-09-28 18:54:10,43.460191000,-80.485816000,322.4,24.1,2.49,245.9,0.0,3.749,13.38,150,95,31,,
T,2013-09-28 18:54:13,43.460116000,-80.486040000,322.8,23.9,2.51,245.2,2.0,3.769,19.95,150,95,31,,
T,2013-09-28 18:54:14,43.460080000,-80.486126000,323.2,28.9,2.08,240.0,5.0,3.777,8.03,150,96,31,,
T,2013-09-28 18:54:15,43.460058000,-80.486191000,323.6,20.9,2.87,245.0,6.9,3.783,5.80,150,97,31,,
T,2013-09-28 18:54:16,43.460033000,-80.486272000,324.0,25.6,2.34,247.0,5.6,3.790,7.12,149,98,31,,
T,2013-09-28 18:54:17,43.459998000,-80.486399000,324.6,39.6,1.52,249.2,5.5,3.801,10.99,150,98,31,,
T,2013-09-28 18:54:19,43.459942000,-80.486560000,324.6,26.0,2.31,244.4,0.0,3.815,14.44,150,98,31,,
T,2013-09-28 18:54:25,43.459812000,-80.486935000,324.6,20.2,2.98,244.5,0.0,3.849,33.61,150,0,31,,
T,2013-09-28 18:54:27,43.459802000,-80.486964000,324.6,4.7,12.84,244.6,0.0,3.851,2.60,149,54,31,,
T,2013-09-28 18:54:28,43.459797000,-80.486994000,324.6,9.0,6.69,257.1,0.0,3.854,2.49,148,44,31,,
T,2013-09-28 18:54:32,43.459737000,-80.487214000,324.6,17.1,3.51,249.4,0.0,3.873,19.01,149,65,31,,
T,2013-09-28 18:54:38,43.459593000,-80.487646000,324.6,23.1,2.60,245.3,0.0,3.911,38.45,151,89,31,,
T,2013-09-28 18:54:45,43.459450000,-80.488101000,325.0,20.6,2.91,246.6,1.0,3.951,40.10,152,67,31,,
T,2013-09-28 18:54:46,43.459434000,-80.488166000,325.4,20.0,3.00,251.3,7.2,3.957,5.55,152,68,31,,
T,2013-09-28 18:54:47,43.459412000,-80.488230000,325.8,20.6,2.91,244.7,7.0,3.963,5.73,152,69,31,,
T,2013-09-28 18:54:48,43.459388000,-80.488294000,326.4,21.0,2.86,242.7,10.3,3.968,5.83,152,69,31,,
T,2013-09-28 18:54:49,43.459370000,-80.488363000,326.8,21.4,2.81,250.2,6.7,3.974,5.93,152,72,31,,
T,2013-09-28 18:54:54,43.459250000,-80.488693000,326.8,21.5,2.79,243.4,0.0,4.004,29.85,154,86,31,,
T,2013-09-28 18:55:00,43.459121000,-80.489098000,327.2,21.5,2.80,246.3,1.1,4.040,35.77,155,87,31,,
T,2013-09-28 18:55:01,43.459099000,-80.489165000,327.6,21.4,2.80,245.7,6.7,4.046,5.95,155,87,31,,
T,2013-09-28 18:55:02,43.459076000,-80.489233000,328.0,21.8,2.75,245.0,6.6,4.052,6.07,155,86,31,,
T,2013-09-28 18:55:03,43.459046000,-80.489298000,328.4,22.4,2.68,237.6,6.4,4.058,6.23,155,85,31,,
T,2013-09-28 18:55:04,43.459021000,-80.489363000,329.0,21.4,2.80,242.1,10.1,4.064,5.95,155,85,31,,
T,2013-09-28 18:55:13,43.458821000,-80.489975000,329.0,21.7,2.76,245.8,0.0,4.119,54.29,156,89,31,,
T,2013-09-28 18:55:15,43.458774000,-80.490120000,329.4,23.1,2.60,245.9,3.1,4.131,12.84,156,88,31,,
T,2013-09-28 18:55:16,43.458753000,-80.490188000,329.8,21.5,2.79,247.0,6.7,4.137,5.98,157,88,31,,
T,2013-09-28 18:55:17,43.458730000,-80.490253000,330.2,21.1,2.85,244.0,6.8,4.143,5.85,157,88,31,,
T,2013-09-28 18:55:18,43.458702000,-80.490326000,330.6,24.0,2.50,242.1,6.0,4.150,6.68,158,89,31,,
T,2013-09-28 18:55:19,43.458680000,-80.490395000,331.0,21.9,2.73,246.3,6.6,4.156,6.10,158,90,31,,
T,2013-09-28 18:55:23,43.458578000,-80.490697000,331.0,24.2,2.47,245.0,0.0,4.183,26.94,160,93,31,,
T,2013-09-28 18:55:28,43.458425000,-80.491139000,331.0,28.5,2.10,244.5,0.0,4.222,39.61,159,96,31,,
T,2013-09-28 18:55:35,43.458202000,-80.491753000,331.0,28.6,2.10,243.4,0.0,4.278,55.53,158,89,31,,
T,2013-09-28 18:55:42,43.457968000,-80.492424000,331.0,31.0,1.94,244.3,0.0,4.338,60.21,155,94,31,,
T,2013-09-28 18:55:49,43.457731000,-80.493132000,331.0,32.4,1.85,245.2,0.0,4.401,63.06,153,96,31,,
T,2013-09-28 18:55:51,43.457666000,-80.493333000,331.0,32.0,1.87,246.0,0.0,4.419,17.80,152,95,31,,
T,2013-09-28 18:55:56,43.457503000,-80.493813000,331.0,30.9,1.94,244.9,0.0,4.462,42.86,150,95,31,,
T,2013-09-28 18:55:59,43.457421000,-80.494092000,331.0,29.2,2.05,248.0,0.0,4.486,24.35,147,23,31,,
T,2013-09-28 18:56:01,43.457361000,-80.494254000,331.0,26.5,2.27,243.0,0.0,4.501,14.71,145,83,31,,
T,2013-09-28 18:56:08,43.457162000,-80.494827000,331.0,26.4,2.27,244.4,0.0,4.552,51.38,144,86,31,,
T,2013-09-28 18:56:11,43.457102000,-80.495025000,331.0,20.8,2.88,247.3,0.0,4.570,17.36,141,0,31,,
T,2013-09-28 18:56:13,43.457081000,-80.495095000,331.0,11.0,5.44,247.5,0.0,4.576,6.13,139,14,31,,
T,2013-09-28 18:56:14,43.457080000,-80.495122000,331.0,7.9,7.62,267.1,0.0,4.578,2.19,138,57,31,,
T,2013-09-28 18:56:16,43.457081000,-80.495175000,331.0,7.7,7.77,271.5,0.0,4.582,4.29,138,33,31,,
T,2013-09-28 18:56:23,43.456997000,-80.495424000,331.0,11.4,5.25,245.1,0.0,4.605,22.21,139,56,31,,
T,2013-09-28 18:56:27,43.456903000,-80.495665000,331.0,19.9,3.01,241.8,0.0,4.627,22.13,143,65,31,,
T,2013-09-28 18:56:28,43.456881000,-80.495729000,331.0,20.6,2.91,244.7,0.0,4.632,5.73,144,68,31,,
T,2013-09-28 18:56:31,43.456814000,-80.495925000,331.0,21.0,2.85,244.8,0.0,4.650,17.52,147,59,31,,
T,2013-09-28 18:56:32,43.456794000,-80.495989000,331.4,20.3,2.96,246.7,7.1,4.656,5.64,148,67,31,,
T,2013-09-28 18:56:33,43.456776000,-80.496055000,331.8,20.5,2.92,249.4,7.0,4.661,5.70,148,78,31,,
T,2013-09-28 18:56:34,43.456751000,-80.496133000,332.2,24.8,2.42,246.2,5.8,4.668,6.90,148,80,31,,
T,2013-09-28 18:56:35,43.456720000,-80.496214000,332.6,26.7,2.25,242.2,5.4,4.676,7.41,148,82,31,,
T,2013-09-28 18:56:36,43.456689000,-80.496296000,333.0,26.9,2.23,242.5,5.3,4.683,7.48,148,84,31,,
T,2013-09-28 18:56:40,43.456579000,-80.496624000,333.0,26.3,2.28,245.2,0.0,4.712,29.22,145,87,31,,
T,2013-09-28 18:56:43,43.456503000,-80.496878000,333.0,26.7,2.25,247.6,0.0,4.734,22.22,144,80,31,,
T,2013-09-28 18:56:48,43.456375000,-80.497254000,333.0,24.2,2.48,244.9,0.0,4.768,33.59,141,92,31,,
T,2013-09-28 18:56:50,43.456327000,-80.497399000,333.0,23.2,2.59,245.5,0.0,4.781,12.89,142,96,31,,
T,2013-09-28 18:56:56,43.456171000,-80.497862000,333.0,24.8,2.42,245.1,0.0,4.822,41.29,145,98,31,,
T,2013-09-28 18:56:58,43.456124000,-80.498018000,333.0,24.6,2.44,247.5,0.0,4.836,13.66,145,96,31,,
T,2013-09-28 18:57:05,43.455945000,-80.498546000,333.0,24.2,2.48,245.0,0.0,4.883,47.13,146,95,31,,
T,2013-09-28 18:57:14,43.455722000,-80.499242000,333.0,24.6,2.44,246.2,0.0,4.945,61.54,147,87,31,,
T,2013-09-28 18:57:20,43.455532000,-80.499782000,333.0,29.1,2.06,244.1,0.0,4.993,48.54,144,37,31,,
T,2013-09-28 18:57:21,43.455500000,-80.499883000,333.0,32.1,1.87,246.4,0.0,5.002,8.91,143,0,31,,
T,2013-09-28 18:57:23,43.455441000,-80.500098000,333.0,33.5,1.79,249.3,0.0,5.021,18.59,141,0,31,,
T,2013-09-28 18:57:24,43.455415000,-80.500205000,332.6,32.9,1.83,251.5,-4.4,5.030,9.13,139,0,31,,
T,2013-09-28 18:57:25,43.455385000,-80.500312000,332.0,33.4,1.80,248.9,-6.5,5.039,9.28,139,0,31,,
T,2013-09-28 18:57:26,43.455346000,-80.500420000,331.6,35.1,1.71,243.6,-4.1,5.049,9.76,138,0,31,,
T,2013-09-28 18:57:27,43.455305000,-80.500530000,331.0,36.0,1.67,242.8,-6.0,5.059,10.00,137,0,31,,
T,2013-09-28 18:57:28,43.455263000,-80.500632000,330.6,34.1,1.76,240.4,-4.2,5.068,9.48,136,0,31,,
T,2013-09-28 18:57:30,43.455190000,-80.500819000,330.6,30.9,1.94,241.7,0.0,5.085,17.17,134,0,31,,
T,2013-09-28 18:57:34,43.455105000,-80.501096000,330.6,21.9,2.74,247.1,0.0,5.110,24.33,132,0,31,,
T,2013-09-28 18:57:36,43.455092000,-80.501126000,330.6,5.1,11.80,239.2,0.0,5.113,2.83,131,21,31,,
T,2013-09-28 18:57:47,43.455074000,-80.501218000,330.6,2.5,23.78,254.9,0.0,5.120,7.71,128,21,31,,
T,2013-09-28 18:57:49,43.455046000,-80.501310000,330.6,14.5,4.13,247.3,0.0,5.128,8.07,131,52,31,,
T,2013-09-28 18:57:53,43.454970000,-80.501527000,330.6,17.5,3.42,244.2,0.0,5.148,19.49,134,83,31,,
T,2013-09-28 18:57:56,43.454903000,-80.501710000,330.6,19.9,3.02,243.2,0.0,5.164,16.58,137,86,31,,
T,2013-09-28 18:57:58,43.454863000,-80.501829000,330.6,19.1,3.14,245.2,0.0,5.175,10.61,140,85,31,,
T,2013-09-28 18:58:01,43.454800000,-80.502000000,330.6,18.6,3.22,243.1,0.0,5.191,15.51,143,86,31,,
T,2013-09-28 18:58:02,43.454782000,-80.502058000,330.6,18.4,3.27,246.9,0.0,5.196,5.10,144,86,31,,
T,2013-09-28 18:58:04,43.454749000,-80.502166000,331.0,17.1,3.52,247.2,4.2,5.205,9.48,146,88,31,,
T,2013-09-28 18:58:05,43.454733000,-80.502224000,331.4,18.1,3.32,249.2,8.0,5.210,5.02,147,86,31,,
T,2013-09-28 18:58:06,43.454713000,-80.502285000,332.0,19.5,3.08,245.7,11.1,5.216,5.41,148,86,31,,
T,2013-09-28 18:58:07,43.454692000,-80.502350000,332.4,20.7,2.90,246.0,7.0,5.221,5.76,149,86,31,,
T,2013-09-28 18:58:08,43.454672000,-80.502412000,332.8,19.8,3.04,246.0,7.3,5.227,5.49,150,87,31,,
T,2013-09-28 18:58:09,43.454647000,-80.502471000,332.8,19.9,3.02,239.7,0.0,5.232,5.52,151,88,31,,
T,2013-09-28 18:58:11,43.454608000,-80.502586000,332.8,18.5,3.25,245.0,0.0,5.243,10.27,153,79,31,,
T,2013-09-28 18:58:12,43.454589000,-80.502639000,333.2,17.2,3.49,243.7,8.4,5.247,4.78,153,74,31,,
T,2013-09-28 18:58:13,43.454573000,-80.502684000,333.6,14.6,4.11,243.9,9.9,5.251,4.05,154,68,31,,
T,2013-09-28 18:58:14,43.454561000,-80.502727000,334.2,13.4,4.47,249.0,16.1,5.255,3.73,154,67,31,,
T,2013-09-28 18:58:15,43.454553000,-80.502764000,334.6,11.2,5.34,253.4,12.8,5.258,3.12,153,67,31,,
T,2013-09-28 18:58:16,43.454546000,-80.502799000,335.0,10.6,5.67,254.6,13.6,5.261,2.94,153,16,31,,
T,2013-09-28 18:58:21,43.454524000,-80.502886000,335.0,5.4,11.18,250.8,0.0,5.269,7.45,150,52,31,,
T,2013-09-28 18:58:22,43.454519000,-80.502901000,335.0,4.8,12.48,245.3,0.0,5.270,1.34,150,52,31,,
T,2013-09-28 18:58:25,43.454510000,-80.502923000,335.0,2.5,24.48,240.6,0.0,5.272,2.04,149,19,31,,
T,2013-09-28 18:58:26,43.454508000,-80.502925000,335.0,1.0,60.63,216.0,0.0,5.272,0.27,149,14,31,,
T,2013-09-28 18:58:45,43.454495000,-80.502951000,337.0,0.5,124.07,235.4,78.4,5.275,2.55,139,26,31,,
T,2013-09-28 18:58:46,43.454476000,-80.502982000,337.0,11.8,5.08,229.8,0.0,5.278,3.28,139,40,31,,
T,2013-09-28 18:58:47,43.454451000,-80.503021000,337.0,15.1,3.96,228.6,0.0,5.282,4.20,139,59,31,,
T,2013-09-28 18:58:49,43.454384000,-80.503091000,337.0,16.8,3.56,217.2,0.0,5.292,9.35,138,103,31,,
T,2013-09-28 18:58:51,43.454302000,-80.503148000,337.0,18.4,3.26,206.8,0.0,5.302,10.21,138,83,31,,
T,2013-09-28 18:58:57,43.453994000,-80.503345000,337.0,22.7,2.65,204.9,0.0,5.340,37.75,137,87,31,,
T,2013-09-28 18:58:58,43.453935000,-80.503378000,336.6,25.5,2.35,202.1,-5.7,5.347,7.08,136,0,31,,
T,2013-09-28 18:58:59,43.453876000,-80.503419000,336.2,26.4,2.27,206.8,-5.4,5.354,7.35,134,0,31,,
T,2013-09-28 18:59:00,43.453817000,-80.503457000,335.8,26.1,2.30,205.1,-5.5,5.361,7.24,132,0,31,,
T,2013-09-28 18:59:01,43.453754000,-80.503494000,335.4,27.4,2.19,203.1,-5.3,5.369,7.61,130,0,31,,
T,2013-09-28 18:59:02,43.453694000,-80.503533000,335.0,26.6,2.26,205.3,-5.4,5.376,7.38,129,0,31,,
T,2013-09-28 18:59:03,43.453633000,-80.503556000,335.0,25.3,2.37,195.3,0.0,5.383,7.03,127,0,31,,
T,2013-09-28 18:59:05,43.453529000,-80.503617000,335.0,22.6,2.65,203.1,0.0,5.396,12.57,124,0,31,,
T,2013-09-28 18:59:06,43.453505000,-80.503685000,335.0,22.0,2.73,244.1,0.0,5.402,6.12,123,0,31,,
T,2013-09-28 18:59:09,43.453526000,-80.503885000,335.0,19.6,3.06,278.2,0.0,5.418,16.36,122,85,31,,
T,2013-09-28 18:59:11,43.453575000,-80.504007000,335.0,20.3,2.96,299.0,0.0,5.430,11.28,124,82,31,,
T,2013-09-28 18:59:14,43.453650000,-80.504196000,335.0,20.9,2.87,298.7,0.0,5.447,17.42,126,81,31,,
T,2013-09-28 18:59:18,43.453749000,-80.504460000,335.0,21.6,2.77,297.3,0.0,5.471,24.03,127,80,31,,
T,2013-09-28 18:59:20,43.453795000,-80.504586000,335.0,20.5,2.92,296.7,0.0,5.483,11.41,127,80,31,,
T,2013-09-28 18:59:23,43.453850000,-80.504781000,335.0,20.3,2.95,291.2,0.0,5.499,16.92,128,79,31,,
T,2013-09-28 18:59:26,43.453904000,-80.504976000,335.0,20.3,2.96,290.9,0.0,5.516,16.88,130,89,31,,
T,2013-09-28 18:59:32,43.454015000,-80.505322000,335.4,18.4,3.27,293.8,1.3,5.547,30.60,133,79,31,,
T,2013-09-28 18:59:33,43.454026000,-80.505374000,335.8,15.8,3.80,286.2,9.1,5.551,4.38,133,77,31,,
T,2013-09-28 18:59:34,43.454038000,-80.505419000,336.2,14.0,4.30,290.2,10.3,5.555,3.88,134,76,31,,
T,2013-09-28 18:59:35,43.454052000,-80.505467000,336.6,15.1,3.98,291.9,9.6,5.559,4.18,134,74,31,,
T,2013-09-28 18:59:36,43.454069000,-80.505509000,337.0,14.0,4.29,299.1,10.3,5.563,3.89,135,68,31,,
T,2013-09-28 18:59:38,43.454093000,-80.505575000,337.4,10.7,5.58,296.6,6.7,5.569,5.97,137,67,31,,
T,2013-09-28 18:59:39,43.454101000,-80.505597000,338.0,7.2,8.37,296.6,30.1,5.571,1.99,137,33,31,,
T,2013-09-28 18:59:40,43.454114000,-80.505624000,338.4,9.4,6.36,303.6,15.3,5.574,2.62,138,14,31,,
T,2013-09-28 18:59:41,43.454129000,-80.505662000,338.8,12.6,4.76,298.5,11.4,5.577,3.50,139,56,31,,
T,2013-09-28 18:59:42,43.454143000,-80.505704000,339.2,13.5,4.46,294.7,10.7,5.581,3.74,139,45,31,,
T,2013-09-28 18:59:43,43.454163000,-80.505762000,339.2,18.7,3.21,295.4,0.0,5.586,5.19,140,74,31,,
T,2013-09-28 18:59:49,43.454304000,-80.506206000,339.2,23.5,2.55,293.6,0.0,5.626,39.20,141,92,31,,
T,2013-09-28 18:59:56,43.454491000,-80.506790000,339.2,26.6,2.26,293.8,0.0,5.677,51.63,140,89,30,,
T,2013-09-28 18:59:57,43.454510000,-80.506885000,339.2,28.7,2.09,285.4,0.0,5.685,7.97,140,89,30,,
T,2013-09-28 19:00:01,43.454614000,-80.507241000,339.2,27.9,2.15,291.9,0.0,5.716,31.04,139,91,30,,
T,2013-09-28 19:00:02,43.454642000,-80.507332000,338.8,28.8,2.08,293.0,-5.0,5.724,8.00,139,92,30,,
T,2013-09-28 19:00:03,43.454672000,-80.507423000,338.4,29.1,2.06,294.4,-4.9,5.732,8.08,139,92,30,,
T,2013-09-28 19:00:04,43.454703000,-80.507514000,338.0,29.3,2.05,295.1,-4.9,5.740,8.13,139,92,30,,
T,2013-09-28 19:00:05,43.454732000,-80.507598000,337.4,27.1,2.22,295.4,-8.0,5.748,7.52,139,92,30,,
T,2013-09-28 19:00:06,43.454761000,-80.507692000,337.0,29.7,2.02,293.0,-4.8,5.756,8.26,139,92,30,,
T,2013-09-28 19:00:08,43.454816000,-80.507871000,337.0,28.3,2.12,292.9,0.0,5.772,15.72,139,92,30,,
T,2013-09-28 19:00:14,43.454948000,-80.508388000,337.0,26.6,2.26,289.4,0.0,5.816,44.34,142,89,30,,
T,2013-09-28 19:00:15,43.454944000,-80.508474000,337.0,25.1,2.39,266.3,0.0,5.823,6.97,143,88,30,,
T,2013-09-28 19:00:19,43.454850000,-80.508812000,337.0,26.4,2.28,249.0,0.0,5.852,29.28,144,88,30,,
T,2013-09-28 19:00:25,43.454673000,-80.509263000,337.4,24.9,2.41,241.6,1.0,5.894,41.46,145,0,30,,
T,2013-09-28 19:00:26,43.454639000,-80.509339000,337.8,26.0,2.31,238.4,5.5,5.901,7.22,143,0,30,,
T,2013-09-28 19:00:27,43.454612000,-80.509408000,338.2,22.8,2.63,241.7,6.3,5.908,6.34,142,0,30,,
T,2013-09-28 19:00:28,43.454585000,-80.509486000,338.6,25.2,2.38,244.5,5.7,5.915,6.99,141,0,30,,
T,2013-09-28 19:00:29,43.454563000,-80.509561000,339.0,23.6,2.55,248.0,6.1,5.921,6.54,139,0,30,,
T,2013-09-28 19:00:33,43.454468000,-80.509820000,339.0,21.1,2.84,243.2,0.0,5.945,23.47,136,0,30,,
T,2013-09-28 19:00:34,43.454445000,-80.509866000,339.0,16.3,3.69,235.4,0.0,5.949,4.52,136,0,30,,
T,2013-09-28 19:00:37,43.454407000,-80.509975000,339.0,11.7,5.11,244.3,0.0,5.959,9.78,133,0,30,,
T,2013-09-28 19:00:39,43.454390000,-80.510023000,339.0,7.8,7.72,244.0,0.0,5.963,4.32,132,0,30,,
T,2013-09-28 19:00:42,43.454375000,-80.510068000,338.6,4.8,12.48,245.3,-10.0,5.967,4.01,129,0,30,,
T,2013-09-28 19:00:43,43.454368000,-80.510093000,338.2,7.8,7.69,248.9,-18.5,5.969,2.17,129,0,30,,
T,2013-09-28 19:00:44,43.454361000,-80.510129000,337.8,10.9,5.53,255.0,-13.3,5.972,3.02,129,23,30,,
T,2013-09-28 19:00:45,43.454348000,-80.510173000,337.2,13.8,4.34,247.9,-15.6,5.976,3.84,130,52,30,,
T,2013-09-28 19:00:46,43.454329000,-80.510227000,336.8,17.5,3.43,244.1,-8.2,5.981,4.85,130,62,30,,
T,2013-09-28 19:00:48,43.454286000,-80.510365000,336.8,21.9,2.74,246.8,0.0,5.993,12.15,132,80,30,,
T,2013-09-28 19:00:51,43.454203000,-80.510604000,336.8,25.7,2.33,244.4,0.0,6.015,21.43,135,93,30,,
T,2013-09-28 19:00:54,43.454114000,-80.510874000,336.8,28.8,2.08,245.6,0.0,6.039,23.99,136,88,30,,
T,2013-09-28 19:00:56,43.454048000,-80.511053000,336.4,29.2,2.05,243.1,-2.5,6.055,16.24,133,95,30,,
T,2013-09-28 19:00:58,43.453984000,-80.511242000,335.6,30.4,1.98,245.0,-4.7,6.072,16.87,130,97,30,,
T,2013-09-28 19:01:00,43.453913000,-80.511432000,334.8,31.1,1.93,242.8,-4.6,6.089,17.28,129,101,30,,
T,2013-09-28 19:01:02,43.453837000,-80.511635000,334.8,33.3,1.80,242.7,0.0,6.107,18.47,130,101,30,,
T,2013-09-28 19:01:03,43.453802000,-80.511737000,334.4,32.9,1.83,244.7,-4.4,6.117,9.13,130,75,30,,
T,2013-09-28 19:01:04,43.453768000,-80.511837000,333.8,32.2,1.87,244.9,-6.7,6.126,8.93,129,0,30,,
T,2013-09-28 19:01:05,43.453731000,-80.511938000,333.4,32.9,1.82,243.2,-4.4,6.135,9.15,127,0,30,,
T,2013-09-28 19:01:06,43.453694000,-80.512044000,333.0,34.2,1.75,244.3,-4.2,6.144,9.51,126,0,30,,
T,2013-09-28 19:01:07,43.453656000,-80.512148000,332.6,33.9,1.77,243.3,-4.2,6.154,9.42,125,0,30,,
T,2013-09-28 19:01:08,43.453619000,-80.512259000,332.2,35.6,1.69,245.3,-4.0,6.163,9.88,124,0,30,,
T,2013-09-28 19:01:09,43.453585000,-80.512367000,331.8,34.3,1.75,246.6,-4.2,6.173,9.52,123,0,30,,
T,2013-09-28 19:01:10,43.453550000,-80.512470000,331.4,33.1,1.81,244.9,-4.3,6.182,9.20,122,0,30,,
T,2013-09-28 19:01:11,43.453512000,-80.512576000,331.0,34.4,1.74,243.7,-4.2,6.192,9.56,122,0,30,,
T,2013-09-28 19:01:13,43.453435000,-80.512793000,330.6,35.2,1.71,244.0,-2.0,6.211,19.54,121,0,30,,
T,2013-09-28 19:01:17,43.453281000,-80.513221000,330.2,34.8,1.73,243.6,-1.0,6.250,38.64,117,0,30,,
T,2013-09-28 19:01:18,43.453247000,-80.513329000,329.8,34.3,1.75,246.6,-4.2,6.259,9.52,116,0,30,,
T,2013-09-28 19:01:19,43.453214000,-80.513437000,329.4,34.1,1.76,247.2,-4.2,6.269,9.48,114,0,30,,
T,2013-09-28 19:01:20,43.453179000,-80.513543000,328.8,33.9,1.77,245.5,-6.4,6.278,9.42,112,0,30,,
T,2013-09-28 19:01:21,43.453142000,-80.513644000,328.4,32.9,1.82,243.2,-4.4,6.287,9.15,111,0,30,,
T,2013-09-28 19:01:24,43.453020000,-80.513967000,328.4,35.3,1.70,242.5,0.0,6.317,29.45,108,0,30,,
T,2013-09-28 19:01:27,43.452910000,-80.514277000,328.0,33.5,1.79,244.0,-1.4,6.345,27.91,105,0,30,,
T,2013-09-28 19:01:28,43.452877000,-80.514379000,327.6,32.5,1.85,246.0,-4.4,6.354,9.03,104,0,30,,
T,2013-09-28 19:01:29,43.452846000,-80.514478000,327.2,31.4,1.91,246.7,-4.6,6.363,8.72,104,0,30,,
T,2013-09-28 19:01:30,43.452814000,-80.514579000,326.8,32.1,1.87,246.4,-4.5,6.372,8.91,105,0,30,,
T,2013-09-28 19:01:31,43.452783000,-80.514676000,326.4,30.9,1.94,246.2,-4.7,6.380,8.57,106,44,30,,
T,2013-09-28 19:01:33,43.452710000,-80.514877000,326.4,32.7,1.83,243.4,0.0,6.398,18.18,107,70,30,,
T,2013-09-28 19:01:34,43.452669000,-80.514968000,326.4,31.2,1.92,238.2,0.0,6.407,8.66,111,96,30,,
T,2013-09-28 19:01:36,43.452594000,-80.515173000,326.0,33.4,1.80,243.3,-2.2,6.425,18.57,113,100,30,,
T,2013-09-28 19:01:37,43.452556000,-80.515276000,325.6,33.6,1.78,243.1,-4.3,6.435,9.34,114,101,30,,
T,2013-09-28 19:01:38,43.452518000,-80.515374000,325.2,32.3,1.85,241.9,-4.5,6.444,8.99,115,102,30,,
T,2013-09-28 19:01:39,43.452478000,-80.515479000,324.8,34.5,1.74,242.3,-4.2,6.453,9.59,115,96,30,,
T,2013-09-28 19:01:40,43.452436000,-80.515584000,324.2,34.9,1.72,241.1,-6.2,6.463,9.70,116,91,30,,
T,2013-09-28 19:01:43,43.452331000,-80.515889000,324.2,32.8,1.83,244.6,0.0,6.490,27.30,114,0,30,,
T,2013-09-28 19:01:46,43.452236000,-80.516171000,324.2,30.2,1.99,245.1,0.0,6.516,25.15,111,0,30,,
T,2013-09-28 19:01:48,43.452164000,-80.516334000,324.2,27.8,2.16,238.7,0.0,6.531,15.43,112,0,30,,
T,2013-09-28 19:01:50,43.452105000,-80.516454000,324.2,21.1,2.84,235.9,0.0,6.543,11.72,115,0,30,,
T,2013-09-28 19:01:51,43.452085000,-80.516503000,324.2,16.4,3.67,240.7,0.0,6.547,4.55,116,0,30,,
T,2013-09-28 19:01:53,43.452061000,-80.516554000,324.2,8.8,6.78,237.0,0.0,6.552,4.91,116,0,30,,
T,2013-09-28 19:01:54,43.452056000,-80.516565000,324.2,3.8,15.88,237.9,0.0,6.553,1.05,115,0,30,,
T,2013-09-28 19:01:55,43.452055000,-80.516578000,324.2,3.8,15.75,264.0,0.0,6.554,1.06,112,21,30,,
T,2013-09-28 19:02:14,43.452026000,-80.516625000,324.2,0.9,63.52,229.6,0.0,6.559,4.99,115,21,30,,
T,2013-09-28 19:02:17,43.452015000,-80.516673000,324.2,4.9,12.28,252.5,0.0,6.563,4.07,118,22,30,,
T,2013-09-28 19:02:19,43.451993000,-80.516740000,324.2,10.7,5.60,245.7,0.0,6.569,5.95,121,41,30,,
T,2013-09-28 19:02:21,43.451959000,-80.516816000,324.2,13.0,4.62,238.4,0.0,6.577,7.22,124,51,30,,
T,2013-09-28 19:02:22,43.451934000,-80.516858000,324.2,15.8,3.80,230.7,0.0,6.581,4.39,125,54,30,,
T,2013-09-28 19:02:24,43.451876000,-80.516914000,324.2,14.2,4.23,215.0,0.0,6.589,7.88,127,60,30,,
T,2013-09-28 19:02:26,43.451800000,-80.516948000,324.6,16.0,3.75,198.0,4.5,6.598,8.88,130,70,30,,
T,2013-09-28 19:02:27,43.451756000,-80.516950000,325.0,17.6,3.41,181.9,8.2,6.603,4.89,131,75,30,,
T,2013-09-28 19:02:28,43.451710000,-80.516938000,325.4,18.7,3.20,169.3,7.7,6.608,5.20,132,77,30,,
T,2013-09-28 19:02:29,43.451661000,-80.516915000,325.8,20.7,2.90,161.2,7.0,6.614,5.75,134,79,30,,
T,2013-09-28 19:02:30,43.451610000,-80.516886000,326.4,22.1,2.72,157.6,9.8,6.620,6.13,135,82,30,,
T,2013-09-28 19:02:31,43.451559000,-80.516853000,326.4,22.6,2.66,154.8,0.0,6.626,6.26,136,84,30,,
T,2013-09-28 19:02:33,43.451445000,-80.516772000,326.4,25.7,2.34,152.7,0.0,6.640,14.26,136,90,30,,
T,2013-09-28 19:02:37,43.451220000,-80.516610000,325.8,25.4,2.36,152.4,-2.1,6.668,28.23,133,21,30,,
T,2013-09-28 19:02:38,43.451166000,-80.516575000,325.4,23.9,2.51,154.8,-6.0,6.675,6.63,132,0,30,,
T,2013-09-28 19:02:39,43.451119000,-80.516549000,324.8,20.3,2.96,158.1,-10.7,6.681,5.63,131,0,30,,
T,2013-09-28 19:02:40,43.451084000,-80.516537000,324.4,14.4,4.16,166.0,-10.0,6.685,4.01,131,0,30,,
T,2013-09-28 19:02:41,43.451057000,-80.516543000,323.8,10.9,5.48,189.2,-19.7,6.688,3.04,131,20,30,,
T,2013-09-28 19:02:42,43.451032000,-80.516557000,323.8,10.8,5.56,202.1,0.0,6.691,3.00,131,29,30,,
T,2013-09-28 19:02:46,43.450934000,-80.516683000,323.8,13.4,4.47,223.0,0.0,6.706,14.92,132,73,30,,
T,2013-09-28 19:02:51,43.450758000,-80.516845000,323.8,17.0,3.54,213.8,0.0,6.729,23.54,135,74,30,,
T,2013-09-28 19:02:52,43.450726000,-80.516863000,323.8,13.8,4.34,202.2,0.0,6.733,3.84,136,76,30,,
T,2013-09-28 19:02:56,43.450594000,-80.516906000,323.8,13.6,4.42,193.3,0.0,6.748,15.07,138,92,30,,
T,2013-09-28 19:02:57,43.450559000,-80.516900000,323.8,14.1,4.25,172.9,0.0,6.752,3.92,138,88,30,,
T,2013-09-28 19:02:59,43.450495000,-80.516859000,324.8,14.1,4.25,155.1,12.7,6.760,7.85,138,86,30,,
T,2013-09-28 19:03:00,43.450472000,-80.516824000,325.2,13.7,4.37,132.2,10.5,6.764,3.82,138,88,30,,
T,2013-09-28 19:03:01,43.450445000,-80.516794000,325.2,13.9,4.32,141.1,0.0,6.768,3.86,139,101,30,,
T,2013-09-28 19:03:02,43.450413000,-80.516764000,325.6,15.5,3.87,145.8,9.3,6.772,4.31,139,101,30,,
T,2013-09-28 19:03:03,43.450388000,-80.516792000,326.0,12.9,4.65,219.1,11.2,6.775,3.58,139,101,30,,
T,2013-09-28 19:03:05,43.450351000,-80.516836000,326.0,9.8,6.13,220.8,0.0,6.781,5.44,139,0,30,,
T,2013-09-28 19:03:09,43.450351000,-80.516883000,326.0,3.4,17.52,270.0,0.0,6.785,3.80,137,0,30,,
T,2013-09-28 19:03:10,43.450355000,-80.516881000,326.0,1.7,35.24,19.9,0.0,6.785,0.47,136,0,29,,
T,2013-09-28 19:03:11,43.450354000,-80.516876000,326.0,1.5,39.71,105.4,0.0,6.786,0.42,135,0,29,,
T,2013-09-28 19:04:48,43.450490000,-80.516857000,326.0,0.6,106.44,5.8,0.0,6.801,15.19,112,0,28,,
T,2013-09-28 19:04:51,43.450488000,-80.516865000,326.0,0.8,73.03,251.0,0.0,6.801,0.68,111,0,28,,
T,2013-09-28 19:04:53,43.450477000,-80.516860000,326.0,2.3,25.89,161.7,0.0,6.803,1.29,108,0,28,,

